treatment,algorithm,alpha,beta,gamma,rollout,epochs,seed,steps,extinction_step,population_end,population_mean,population_peak,births,learning_displacement,numerical_failure
reinforce,reinforce,nan,nan,nan,nan,nan,63,300,,129,104.19933554817275,149,505,0.2498556244168612,
evolution_only,reinforce,nan,nan,nan,nan,nan,63,300,,99,100.34551495016612,139,500,0.0,
ppo_learning_off,ppo,0.002,0.01,0.5,4,4,63,300,,110,100.50498338870432,137,512,0.0,
ppo_a0.002_b0.01_g0.5_r4_e4,ppo,0.002,0.01,0.5,4,4,63,300,,126,98.47508305647841,136,525,0.03035398745522651,
ppo_a0.002_b0.01_g0.5_r8_e4,ppo,0.002,0.01,0.5,8,4,63,300,,189,97.55813953488372,190,498,0.011275901994110661,
ppo_a0.002_b0.01_g0.9_r4_e4,ppo,0.002,0.01,0.9,4,4,63,300,,115,92.04318936877077,122,442,0.0226351480059462,
ppo_a0.002_b0.01_g0.9_r8_e4,ppo,0.002,0.01,0.9,8,4,63,300,,134,90.83720930232558,134,461,0.01075643643812274,
ppo_a0.002_b0.05_g0.5_r4_e4,ppo,0.002,0.05,0.5,4,4,63,300,,121,91.82724252491694,127,472,0.028240864405293442,
ppo_a0.002_b0.05_g0.5_r8_e4,ppo,0.002,0.05,0.5,8,4,63,300,,175,92.22259136212625,175,483,0.011359045086315871,
ppo_a0.002_b0.05_g0.9_r4_e4,ppo,0.002,0.05,0.9,4,4,63,300,,97,86.19933554817275,120,397,0.024490973335717887,
ppo_a0.002_b0.05_g0.9_r8_e4,ppo,0.002,0.05,0.9,8,4,63,300,,101,92.57142857142857,119,446,0.013324654145019297,
ppo_a0.01_b0.01_g0.5_r4_e4,ppo,0.01,0.01,0.5,4,4,63,300,,229,127.15946843853821,229,672,0.12729645153155988,
ppo_a0.01_b0.01_g0.5_r8_e4,ppo,0.01,0.01,0.5,8,4,63,300,,101,104.36212624584718,143,529,0.0697546220259627,
ppo_a0.01_b0.01_g0.9_r4_e4,ppo,0.01,0.01,0.9,4,4,63,300,,164,88.8172757475083,164,450,0.11457356548548835,
ppo_a0.01_b0.01_g0.9_r8_e4,ppo,0.01,0.01,0.9,8,4,63,300,,124,85.39867109634551,124,430,0.05322249366178538,
ppo_a0.01_b0.05_g0.5_r4_e4,ppo,0.01,0.05,0.5,4,4,63,300,,146,84.9734219269103,146,434,0.12209538890324875,
ppo_a0.01_b0.05_g0.5_r8_e4,ppo,0.01,0.05,0.5,8,4,63,300,,144,104.54817275747509,172,508,0.07719802903563593,
ppo_a0.01_b0.05_g0.9_r4_e4,ppo,0.01,0.05,0.9,4,4,63,300,,83,79.41528239202658,111,383,0.13480887843056358,
ppo_a0.01_b0.05_g0.9_r8_e4,ppo,0.01,0.05,0.9,8,4,63,300,,88,72.06312292358804,90,360,0.04847139241841983,
reinforce,reinforce,nan,nan,nan,nan,nan,64,300,,396,184.40863787375415,398,1173,0.18267313292418635,
evolution_only,reinforce,nan,nan,nan,nan,nan,64,300,,174,112.10631229235881,174,650,0.0,
ppo_learning_off,ppo,0.002,0.01,0.5,4,4,64,300,,113,110.09302325581395,141,601,0.0,
ppo_a0.002_b0.01_g0.5_r4_e4,ppo,0.002,0.01,0.5,4,4,64,300,,140,113.4485049833887,155,627,0.024548741221486776,
ppo_a0.002_b0.01_g0.5_r8_e4,ppo,0.002,0.01,0.5,8,4,64,300,,84,106.59800664451828,143,548,0.013848549827826916,
ppo_a0.002_b0.01_g0.9_r4_e4,ppo,0.002,0.01,0.9,4,4,64,300,,222,137.99003322259136,227,699,0.022401643307123176,
ppo_a0.002_b0.01_g0.9_r8_e4,ppo,0.002,0.01,0.9,8,4,64,300,,89,100.04651162790698,138,488,0.013117187939302935,
ppo_a0.002_b0.05_g0.5_r4_e4,ppo,0.002,0.05,0.5,4,4,64,300,,181,123.9468438538206,198,693,0.025376159099222837,
ppo_a0.002_b0.05_g0.5_r8_e4,ppo,0.002,0.05,0.5,8,4,64,300,,108,99.81395348837209,129,494,0.01402157549326966,
ppo_a0.002_b0.05_g0.9_r4_e4,ppo,0.002,0.05,0.9,4,4,64,300,,151,109.47840531561462,184,565,0.0244284740588492,
ppo_a0.002_b0.05_g0.9_r8_e4,ppo,0.002,0.05,0.9,8,4,64,300,,137,105.95348837209302,137,536,0.010961880644784656,
ppo_a0.01_b0.01_g0.5_r4_e4,ppo,0.01,0.01,0.5,4,4,64,300,,210,137.46179401993356,227,783,0.11798600897115713,
ppo_a0.01_b0.01_g0.5_r8_e4,ppo,0.01,0.01,0.5,8,4,64,300,,123,108.29235880398672,157,553,0.061999071836186775,
ppo_a0.01_b0.01_g0.9_r4_e4,ppo,0.01,0.01,0.9,4,4,64,300,,158,135.11960132890366,214,743,0.13586266670888203,
ppo_a0.01_b0.01_g0.9_r8_e4,ppo,0.01,0.01,0.9,8,4,64,300,,205,137.08305647840533,205,785,0.046465112711513316,
ppo_a0.01_b0.05_g0.5_r4_e4,ppo,0.01,0.05,0.5,4,4,64,300,,177,144.98006644518273,237,870,0.10950952818635543,
ppo_a0.01_b0.05_g0.5_r8_e4,ppo,0.01,0.05,0.5,8,4,64,300,,123,114.97674418604652,173,572,0.06818112043020738,
ppo_a0.01_b0.05_g0.9_r4_e4,ppo,0.01,0.05,0.9,4,4,64,300,,189,124.01328903654485,197,660,0.11013176819148464,
ppo_a0.01_b0.05_g0.9_r8_e4,ppo,0.01,0.05,0.9,8,4,64,300,,206,152.38205980066445,221,855,0.05462080917917334,
reinforce,reinforce,nan,nan,nan,nan,nan,65,300,,95,82.05647840531562,105,495,0.12049435801600034,
evolution_only,reinforce,nan,nan,nan,nan,nan,65,300,,47,82.58471760797342,112,439,0.0,
ppo_learning_off,ppo,0.002,0.01,0.5,4,4,65,300,,61,62.16611295681063,89,335,0.0,
ppo_a0.002_b0.01_g0.5_r4_e4,ppo,0.002,0.01,0.5,4,4,65,300,,55,74.93687707641196,102,399,0.027999172747065003,
ppo_a0.002_b0.01_g0.5_r8_e4,ppo,0.002,0.01,0.5,8,4,65,300,,93,78.75415282392026,102,440,0.01067746657373721,
ppo_a0.002_b0.01_g0.9_r4_e4,ppo,0.002,0.01,0.9,4,4,65,300,,28,67.23255813953489,98,349,0.02527814629615527,
ppo_a0.002_b0.01_g0.9_r8_e4,ppo,0.002,0.01,0.9,8,4,65,300,,31,55.093023255813954,90,306,0.011919656191150511,
ppo_a0.002_b0.05_g0.5_r4_e4,ppo,0.002,0.05,0.5,4,4,65,300,,50,80.07308970099668,111,429,0.031551844888943824,
ppo_a0.002_b0.05_g0.5_r8_e4,ppo,0.002,0.05,0.5,8,4,65,300,,82,92.82392026578073,129,528,0.012591497322562333,
ppo_a0.002_b0.05_g0.9_r4_e4,ppo,0.002,0.05,0.9,4,4,65,300,,47,80.41196013289037,110,475,0.021725755132259623,
ppo_a0.002_b0.05_g0.9_r8_e4,ppo,0.002,0.05,0.9,8,4,65,300,,79,75.2624584717608,108,407,0.009754965198234624,
ppo_a0.01_b0.01_g0.5_r4_e4,ppo,0.01,0.01,0.5,4,4,65,300,,72,74.47840531561462,110,392,0.13568216028174285,
ppo_a0.01_b0.01_g0.5_r8_e4,ppo,0.01,0.01,0.5,8,4,65,300,,75,101.01993355481727,154,550,0.06308707467538811,
ppo_a0.01_b0.01_g0.9_r4_e4,ppo,0.01,0.01,0.9,4,4,65,300,,138,128.13953488372093,185,739,0.12064166411591283,
ppo_a0.01_b0.01_g0.9_r8_e4,ppo,0.01,0.01,0.9,8,4,65,300,,67,83.6843853820598,124,476,0.05752595807177241,
ppo_a0.01_b0.05_g0.5_r4_e4,ppo,0.01,0.05,0.5,4,4,65,300,,34,67.64119601328903,107,354,0.1775529601737515,
ppo_a0.01_b0.05_g0.5_r8_e4,ppo,0.01,0.05,0.5,8,4,65,300,,150,110.25249169435216,159,644,0.05832150478931908,
ppo_a0.01_b0.05_g0.9_r4_e4,ppo,0.01,0.05,0.9,4,4,65,300,,105,99.66777408637874,154,576,0.1079643445896973,
ppo_a0.01_b0.05_g0.9_r8_e4,ppo,0.01,0.05,0.9,8,4,65,300,,45,77.82392026578073,115,461,0.05575709572977106,
