treatment,algorithm,alpha,epsilon,gamma,target_interval,seed,steps,extinction_step,population_end,population_mean,population_peak,carnivore_peak,births,learning_displacement,td_absmean_sampled_max,update_sampled_max,q_absmax_sampled,numerical_failure
reinforce,reinforce,nan,nan,nan,nan,55,300,,85,91.26910299003322,149,12,535,0.20403000179397843,nan,nan,nan,
evolution_only,reinforce,nan,nan,nan,nan,55,300,,24,60.388704318936874,95,8,306,0.0,nan,nan,nan,
dqn_learning_off_e0.75,dqn,0.05,0.75,0.5,5,55,300,,160,122.45847176079734,187,14,573,0.0,0.0,0.0,1.9288378896473537,
dqn_a0.05_e0.75_g0.5_t5,dqn,0.05,0.75,0.5,5,55,300,,252,135.98671096345515,261,24,652,0.6195342744247971,1.9628027021135073,0.06910033255071991,1.9502611094714934,
reinforce,reinforce,nan,nan,nan,nan,56,300,,179,112.1328903654485,181,16,625,0.19017862448357895,nan,nan,nan,
evolution_only,reinforce,nan,nan,nan,nan,56,300,,243,131.89036544850498,243,5,672,0.0,nan,nan,nan,
dqn_learning_off_e0.75,dqn,0.05,0.75,0.5,5,56,300,,399,181.68106312292358,399,24,1003,0.0,0.0,0.0,1.8125679525038019,
dqn_a0.05_e0.75_g0.5_t5,dqn,0.05,0.75,0.5,5,56,300,,330,173.9700996677741,331,57,939,0.5248511475238239,1.8606394051592696,0.06366795592355688,1.7880132205398052,
reinforce,reinforce,nan,nan,nan,nan,57,300,,226,129.30232558139534,226,14,787,0.18969319019097605,nan,nan,nan,
evolution_only,reinforce,nan,nan,nan,nan,57,300,,70,78.58471760797342,114,18,424,0.0,nan,nan,nan,
dqn_learning_off_e0.75,dqn,0.05,0.75,0.5,5,57,300,,197,134.2325581395349,216,36,648,0.0,0.0,0.0,1.7433966514337063,
dqn_a0.05_e0.75_g0.5_t5,dqn,0.05,0.75,0.5,5,57,300,,431,183.53488372093022,432,26,937,0.5691974967695451,2.007717129534946,0.07487874816717581,1.723699309563045,
reinforce,reinforce,nan,nan,nan,nan,58,300,,237,148.96013289036546,252,20,874,0.16522784629024242,nan,nan,nan,
evolution_only,reinforce,nan,nan,nan,nan,58,300,,263,150.2325581395349,263,5,820,0.0,nan,nan,nan,
dqn_learning_off_e0.75,dqn,0.05,0.75,0.5,5,58,300,,511,220.95348837209303,511,12,1223,0.0,0.0,0.0,1.5968950260353225,
dqn_a0.05_e0.75_g0.5_t5,dqn,0.05,0.75,0.5,5,58,300,,359,165.77076411960132,359,12,766,0.5676315245359297,1.847232066335478,0.0982442314522354,1.607112923772883,
reinforce,reinforce,nan,nan,nan,nan,59,300,,345,179.0797342192691,346,21,1217,0.193707529883867,nan,nan,nan,
evolution_only,reinforce,nan,nan,nan,nan,59,300,,163,119.98671096345515,165,11,700,0.0,nan,nan,nan,
dqn_learning_off_e0.75,dqn,0.05,0.75,0.5,5,59,300,,262,154.0598006644518,280,46,826,0.0,0.0,0.0,1.6917143589323445,
dqn_a0.05_e0.75_g0.5_t5,dqn,0.05,0.75,0.5,5,59,300,,467,207.96345514950167,475,31,1141,0.584332195005979,2.134859703528683,0.08391915283943215,1.7079883935098579,
reinforce,reinforce,nan,nan,nan,nan,60,300,,240,134.88372093023256,240,20,803,0.1379803175150598,nan,nan,nan,
evolution_only,reinforce,nan,nan,nan,nan,60,300,,229,153.69767441860466,255,9,958,0.0,nan,nan,nan,
dqn_learning_off_e0.75,dqn,0.05,0.75,0.5,5,60,300,,240,134.7940199335548,251,17,666,0.0,0.0,0.0,1.6503152237414538,
dqn_a0.05_e0.75_g0.5_t5,dqn,0.05,0.75,0.5,5,60,300,,447,189.66445182724252,447,13,902,0.5158159712418313,2.0090667232885644,0.06346010754273688,1.6756815003777439,
reinforce,reinforce,nan,nan,nan,nan,61,300,,74,89.16611295681064,139,6,499,0.20800130837531175,nan,nan,nan,
evolution_only,reinforce,nan,nan,nan,nan,61,300,,128,106.8172757475083,152,13,608,0.0,nan,nan,nan,
dqn_learning_off_e0.75,dqn,0.05,0.75,0.5,5,61,300,,309,164.40199335548172,309,15,825,0.0,0.0,0.0,1.6303992910144798,
dqn_a0.05_e0.75_g0.5_t5,dqn,0.05,0.75,0.5,5,61,300,,312,151.6312292358804,314,30,747,0.6484939478055275,2.2208020530671653,0.07933986188014261,1.8417601296217634,
reinforce,reinforce,nan,nan,nan,nan,62,300,,251,156.78737541528238,259,16,939,0.20012689288558122,nan,nan,nan,
evolution_only,reinforce,nan,nan,nan,nan,62,300,,113,91.80066445182725,146,5,477,0.0,nan,nan,nan,
dqn_learning_off_e0.75,dqn,0.05,0.75,0.5,5,62,300,,213,128.1029900332226,213,9,612,0.0,0.0,0.0,1.59784171166478,
dqn_a0.05_e0.75_g0.5_t5,dqn,0.05,0.75,0.5,5,62,300,,661,252.0564784053156,661,36,1481,0.42836877477258084,1.9067639731522512,0.06465290670172984,1.7506398451351817,
