treatment,algorithm,alpha,epsilon,target_interval,seed,steps,extinction_step,population_end,population_mean,population_peak,carnivore_peak,births,learning_displacement,td_absmean_sampled_max,update_sampled_max,q_absmax_sampled,numerical_failure
reinforce,reinforce,nan,nan,nan,41,300,,218,118.75747508305648,218,25,721,0.15779675040720345,nan,nan,nan,
evolution_only,reinforce,nan,nan,nan,41,300,,175,125.72093023255815,187,9,734,0.0,nan,nan,nan,
dqn_a0.02_e0.25_t10,dqn,0.02,0.25,10,41,300,,11,40.0265780730897,74,6,193,0.34781451340822067,2.28843452294866,0.02616817927556718,2.0224699678362903,
dqn_a0.02_e0.5_t10,dqn,0.02,0.5,10,41,300,,375,204.19933554817277,383,52,1363,0.22767670703872198,2.343417900218377,0.02797818568781817,2.0333863694931256,
dqn_a0.02_e0.75_t10,dqn,0.02,0.75,10,41,300,,364,188.49501661129568,365,33,990,0.3258852019050829,2.2200615435905413,0.026762183866992844,2.0239119030656822,
reinforce,reinforce,nan,nan,nan,42,300,,225,161.38205980066445,253,22,1042,0.16026435896960536,nan,nan,nan,
evolution_only,reinforce,nan,nan,nan,42,300,,204,134.91029900332225,212,25,755,0.0,nan,nan,nan,
dqn_a0.02_e0.25_t10,dqn,0.02,0.25,10,42,300,,47,51.269102990033225,73,8,325,0.17643336519760439,1.6016000867172562,0.01744973755749679,1.7222920248839486,
dqn_a0.02_e0.5_t10,dqn,0.02,0.5,10,42,300,,219,110.42524916943522,219,12,661,0.2207189279363744,2.243772390778993,0.02530857809411535,1.7222920248839486,
dqn_a0.02_e0.75_t10,dqn,0.02,0.75,10,42,300,,296,184.1295681063123,327,27,960,0.3832848489773953,2.7308515394852755,0.03422792318086759,1.773272653339173,
reinforce,reinforce,nan,nan,nan,43,300,,156,120.46179401993355,166,14,657,0.22765753349107795,nan,nan,nan,
evolution_only,reinforce,nan,nan,nan,43,300,,90,69.72757475083057,95,15,340,0.0,nan,nan,nan,
dqn_a0.02_e0.25_t10,dqn,0.02,0.25,10,43,300,,12,43.06976744186046,69,10,208,0.4668252175411583,1.2374903795179375,0.02199266244709276,1.8052009408423517,
dqn_a0.02_e0.5_t10,dqn,0.02,0.5,10,43,300,,227,147.0598006644518,233,22,844,0.3091919625310875,2.267030005391609,0.023301440791508032,1.6329995056826792,
dqn_a0.02_e0.75_t10,dqn,0.02,0.75,10,43,300,,517,210.12292358803987,517,5,1063,0.3624249095964452,3.3598496284405224,0.02735144120720353,1.8420597834641805,
